Internal ID,Name,Descrição,E/S,Transação
55,BONIFICACAO,Bonificação / Brinde,S,"Invoice,Item Fulfillment,Sales Order"
42,COMPL_ICMS,Complemento de ICMS,S,Invoice
43,COMPL_IPI,Complemento de IPI,S,Invoice
46,COMPL_PRECO,Complemento de Preço,S,Invoice
25,COMPRA,Compra de Mercadoria,E,"Bill,Item Receipt,Purchase Order"
61,COMPRA_ATIVO,Compra de Ativo Imobilizado,E,"Bill,Item Receipt,Purchase Order"
60,COMPRA_IMPORT,Importação de Mercadoria,E,"Bill,Item Receipt,Purchase Order"
22,COMPRA_ORDEM_ORIG,Compra em Venda à Ordem (adquirente originário),E,"Bill,Item Receipt,Purchase Order"
20,COMPRA_PROD,Compra para Industrialização,E,"Bill,Item Receipt,Purchase Order"
59,COMPRA_PROD_IMPORT,Importação para Industrialização,E,"Bill,Item Receipt,Purchase Order"
14,COMPRA_SERV,Tomada de Servico,E,"Bill,Item Receipt,Purchase Order"
31,COMPRA_ST,Compra com ST,E,"Bill,Item Receipt,Purchase Order"
62,COMPRA_USO,Compra para Uso e Consumo,E,"Bill,Item Receipt,Purchase Order"
63,DEVOL_COMPRA,Devolução de Compra,S,"Bill Credit,Item Fulfillment,Vendor Return Authorization"
24,DEVOL_COMPRA_PROD,Devolução de compra para industrialização ou produção rural,S,"Bill Credit,Item Fulfillment,Vendor Return Authorization"
45,DEVOL_IMPORT,Devolução de importação (exportação),S,"Bill Credit,Item Fulfillment,Vendor Return Authorization"
40,DEVOL_VENDA,Devolução de Venda,E,"Credit Memo,Item Receipt,Return Authorisation"
1,DEVOL_VENDA_PROD,Devolução de venda de produção do estabelecimento,E,"Credit Memo,Item Receipt,Return Authorisation"
28,DEVOL_VENDA_ST,Devolução de venda com ST - substituto (revenda terceiros),E,"Credit Memo,Item Receipt,Return Authorisation"
27,DEVOL_VENDA_ST_PROD,Devolução de venda com ST (produção própria - substituto),E,"Credit Memo,Item Receipt,Return Authorisation"
29,DEVOL_VENDA_ST_SUB,Devolução de venda com ST já retida (substituído),E,"Credit Memo,Item Receipt,Return Authorisation"
9,ENTRADA_AMOSTRA,Entrada de amostra grátis,E,"Bill,Item Receipt,Purchase Order"
8,ENTRADA_BONIF,Entrada de Bonificação,E,"Bill,Item Receipt,Purchase Order"
12,ENTRADA_CONSIGN,Entrada em Consignação,E,"Bill,Item Receipt,Purchase Order"
10,ENTRADA_DEMO,Entrada de Demonstração,E,"Bill,Item Receipt,Purchase Order"
5,ENTRADA_INDUST,Entrada de mercadoria recebida para industrialização por encomenda,E,"Bill,Item Receipt,Purchase Order"
26,ENTRADA_TRANSF,Entrada por Transferência,E,"Item Receipt,Transfer Order"
13,ENTRADA_TRANSF_ATIVO,Entrada por Transferência de Ativo Imobilizado,E,"Item Receipt,Transfer Order"
21,ENTRADA_TRANSF_PROD,Entrada por Transferência para Industrialização,E,"Item Receipt,Transfer Order"
19,ENTRADA_TRANSF_USO,Entrada por Transferência de Uso e Consumo,E,"Item Receipt,Transfer Order"
53,FRETE_TOMADO,Frete Tomado (CT-e),E,"Bill,Item Receipt,Purchase Order"
23,INDUSTRIALIZACAO_ENCOMENDA,Industrialização efetuada para outra empresa (mão de obra e insumos próprios),S,"Invoice,Item Fulfillment,Sales Order,Transfer Order"
56,REMESSA_AMOSTRA,Remessa de amostra grátis,S,"Invoice,Item Fulfillment,Sales Order,Transfer Order"
54,REMESSA_BRINDE,Remessa de Brinde,S,"Invoice,Item Fulfillment,Sales Order,Transfer Order"
41,REMESSA_COMODATO,Remessa de bem por conta de contrato de comodato ou locação,S,"Invoice,Item Fulfillment,Sales Order,Transfer Order"
37,REMESSA_CONSIGN,Remessa em Consignação,S,"Invoice,Item Fulfillment,Sales Order,Transfer Order"
67,REMESSA_DEMO,Remessa para Demonstração,S,"Invoice,Item Fulfillment,Sales Order,Transfer Order"
36,REMESSA_DEPOSITO,Remessa para depósito fechado,S,"Invoice,Item Fulfillment,Sales Order,Transfer Order"
57,REMESSA_EXPORT,Remessa para o Exterior,S,"Invoice,Item Fulfillment,Sales Order,Transfer Order"
68,REMESSA_EXPOSICAO,Remessa de mercadoria ou bem para exposição ou feira,S,"Invoice,Item Fulfillment,Sales Order,Transfer Order"
17,REMESSA_FUTURA,Remessa Entrega Futura,S,"Invoice,Item Fulfillment,Sales Order,Transfer Order"
33,REMESSA_INDUST,Remessa para Industrialização,S,"Invoice,Item Fulfillment,Sales Order,Transfer Order"
38,REMESSA_INDUST_TRIANGULAR,Remessa para industrialização por conta e ordem do adquirente,S,"Invoice,Item Fulfillment,Sales Order,Transfer Order"
69,REMESSA_REPARO,Remessa para Conserto/Reparo,S,"Invoice,Item Fulfillment,Sales Order,Transfer Order"
7,RETORNO_COMODATO,Retorno de bem remetido por conta de contrato de comodato ou locação,E,"Bill,Item Receipt,Purchase Order,Return Authorisation,Transfer Order"
51,RETORNO_CONSIGN,Retorno de Consignação,E,"Bill,Item Receipt,Purchase Order,Return Authorisation,Transfer Order"
49,RETORNO_DEMO,Retorno de Demonstração,E,"Bill,Item Receipt,Purchase Order,Return Authorisation,Transfer Order"
6,RETORNO_DEPOSITO,Retorno de mercadoria depositada em depósito fechado ou armazém geral,E,"Bill,Item Receipt,Purchase Order,Return Authorisation,Transfer Order"
11,RETORNO_EXPOSICAO,Retorno de mercadoria ou bem remetido para exposição ou feira,E,"Bill,Item Receipt,Purchase Order,Return Authorisation,Transfer Order"
48,RETORNO_INDUST,Retorno de Industrialização,E,"Bill,Item Receipt,Purchase Order,Return Authorisation,Transfer Order"
34,RETORNO_INDUST_INSUMO,Retorno de mercadoria utilizada na industrialização por encomenda,S,"Invoice,Item Fulfillment,Sales Order,Transfer Order"
35,RETORNO_INDUST_NAO_APLICADO,Retorno de mercadoria recebida para industrialização e não aplicada,S,"Invoice,Item Fulfillment,Sales Order,Transfer Order"
52,RETORNO_INDUST_TRIANGULAR,Retorno de mercadoria recebida para industrialização por conta e ordem do adquirente,S,"Invoice,Item Fulfillment,Sales Order,Transfer Order"
50,RETORNO_REPARO,Retorno de Conserto/Reparo,E,"Bill,Item Receipt,Purchase Order,Return Authorisation,Transfer Order"
18,SAIDA_ATIVO,Venda de Ativo Imobilizado,S,"Invoice,Item Fulfillment,Sales Order"
32,SIMPLES_FATURA,Simples Faturamento,S,"Invoice,Item Fulfillment,Sales Order"
47,TRANSFER,Transferência de Mercadoria - Estabelecimentos mesmo titular,S,"Item Fulfillment,Transfer Order"
15,TRANSFER_PROD,Transferência de Mercadoria - Estabelecimentos mesmo titular,S,"Item Fulfillment,Transfer Order"
16,VENDA,Venda de Mercadoria,S,"Cash Sale,Estimate,Invoice,Sales Order"
44,VENDA_EXPORT,Exportação de Mercadoria,S,"Cash Sale,Estimate,Invoice,Sales Order"
2,VENDA_ORDEM,Venda à Ordem - entrega ao destinatário pelo vendedor remetente (merc. de terceiros),S,"Cash Sale,Estimate,Invoice,Sales Order"
64,VENDA_PROD,Venda de Produção do Estabelecimento,S,"Cash Sale,Estimate,Invoice,Sales Order"
58,VENDA_PROD_EXPORT,Exportação de Produção do Estabelecimento,S,"Cash Sale,Estimate,Invoice,Sales Order"
39,VENDA_SERV,Prestação de Serviço,S,"Cash Sale,Estimate,Invoice,Sales Order"
3,VENDA_SERV_EXPORT,Exportação de Serviço,S,"Cash Sale,Estimate,Invoice,Sales Order"
66,VENDA_ST,Venda com ST (substituto - revenda de terceiros),S,"Cash Sale,Estimate,Invoice,Sales Order"
65,VENDA_ST_PRODUCAO,Venda com ST (producao propria - substituto),S,"Cash Sale,Estimate,Invoice,Sales Order"
30,VENDA_ST_SUBSTITUIDO,Venda com ST ja retida (substituido),S,"Cash Sale,Estimate,Invoice,Sales Order"
4,VENDA_ZFM,Venda para Zona Franca de Manaus,S,"Cash Sale,Estimate,Invoice,Sales Order"
